{
  "kmBase": 16640,
  "kmExtra": 310,
  "montoBase": 8129711.202432425,
  "montoTotal": 8288747.569999993
}